{
  "format_version": "1.10.0",
  "animations": {
    "animation.v": {
      "timeline": {
        "0.1": "/effect @s levitation 1 9 true",
        
        "0.2": "/tag @s add valkUser",   
        "1.9": "/execute @s ~~~ particle minecraft:example_bounce ~~~",
        "1.95": "/execute @s ~~~ execute @e[r=20,tag=!valkUser] ~~~ particle minecraft:dragon_dying_explosion ~~~",
        "1.98": "/effect @e[r=20,tag=!valkUser] slowness 5 120 true",
        "1.99": "/execute @s ~~~ execute @e[r=20,tag=!valkUser] ~~~ tp @s ~~~ facing @p[tag=valkUser]",
        "2.0": "/tag @s remove valkUser"
        
      },
      "animation_length": 2.0,
      "loop": false
    }
  }
}