{
  "format_version": "1.10",
  "minecraft:item": {
    "description": {
      "identifier": "pa:water_bending",
      "category": "Nature"
    },
    "components": {
      "minecraft:hand_equipped": false,
      "minecraft:max_stack_size": 1,
      "minecraft:foil": false,
      "minecraft:stack_by_data": true,
      "minecraft:food": {
        "can_always_eat": true,
        "cooldown_type": "chorusfruit",
        "cooldown_time": 40,
        "effects": []
      }
    }
  }
}