{
  "format_version": "1.10.0",
  "particle_effect": {
    "description": {
      "identifier": "minecraft:example_directional_sphere",
      "basic_render_parameters": {
        "material": "particles_alpha",
        "texture": "textures/items/sp"
      }
    },
    "components": {
      "minecraft:emitter_rate_instant": {
        "num_particles": 50
      },
      "minecraft:emitter_lifetime_once": {
        "active_time": 0
      },
      "minecraft:emitter_shape_sphere": {
        "radius": 5,
        "direction": "inwards",
        "surface_only": true
      },
      "minecraft:particle_lifetime_expression": {
        "max_lifetime": 1
      },
      "minecraft:particle_motion_parametric": {
        "rotation": "variable.particle_random_1 * 360 + variable.particle_age * 500"
      },
      "minecraft:particle_appearance_billboard": {
        "size": [ 0.2, 0.2 ],
        "facing_camera_mode": "direction_z"
      },
      "minecraft:particle_appearance_lighting": {}
    }
  }
}
.10.0",
  "particle_effect": {
    "description": {
      "identifier": "minecraft:example_directional_sphere",
      "basic_render_parameters": {
        "material": "particles_alpha",
        "texture": "textures/items/diamond_block"
      }
    },
    "components": {
      "minecraft:emitter_rate_instant": {
        "num_particles": 100
      },
      "minecraft:emitter_lifetime_once": {
        "active_time": 0
      },
      "minecraft:emitter_shape_sphere": {
        "radius": 10,
        "direction": "inwards",
        "surface_only": true
      },
      "minecraft:particle_lifetime_expression": {
        "max_lifetime": 1
      },
      "minecraft:particle_motion_parametric": {
        "rotation": "variable.particle_random_1 * 360 + variable.particle_age * 500"
      },
      "minecraft:particle_appearance_billboard": {
        "size": [ 0.2, 0.2 ],
        "facing_camera_mode": "direction_x"
      },
      "minecraft:particle_appearance_light  "minecraft:particle_appearance_lighting": {}
    }
  }
}
.10.0",
  "pa