{
  "format_version": "1.10.0",
  "particle_effect": {
    "description": {
      "identifier": "ck:fire_breath",
      "basic_render_parameters": {
        "material": "particles_alpha",
        "texture": "textures/flame_atlas"
      }
    },
    "curves": {
      "variable.size_curve": {
        "type": "catmull_rom",
        "nodes": [ 0.25, 0.2, 0.1, 0.3, 0.1, 0.5, 0.0, 0.3 ],
        "input": "variable.particle_age",
        "horizontal_range": "variable.particle_lifetime"
      }
    },
    "components": {
      "minecraft:emitter_rate_instant": {
        "num_particles": 45
      },
      "minecraft:emitter_lifetime_once": {
        "active_time": 0
      },
      "minecraft:emitter_shape_entity_aabb": {
        "direction": ["Math.random(-1.0, 1.0)", "Math.random(-1.0, 1.0)", "Math.random(0.0, -4.0)"]
      },
      "minecraft:particle_initial_speed": "Math.random(3.0, 15.0)",
      "minecraft:particle_lifetime_expression": {
        "max_lifetime": "math.random(2.0, 5.0)"
      },
      "minecraft:particle_motion_dynamic": {
        "linear_acceleration": [ 0, 0.0, 0 ],
        "linear_drag_coefficient": 5
      },
      "minecraft:particle_motion_collision": {
        "coefficient_of_restitution": 0.5,
        "collision_drag": 2,
        "collision_radius": 0.1
      },
      
      "minecraft:particle_appearance_billboard": {
        "size": [ 0.5, 0.5 ],
        "facing_camera_mode": "lookat_xyz",
        "uv": {
          "texture_width": 1,
          "texture_height": 32,
          "flipbook": {
            "base_UV": [ 0, 0 ],
            "size_UV": [ 1, 1 ],
            "step_UV": [ 0, 1 ],
            "frames_per_second": 32,
            "max_frame": 32,
            "stretch_to_lifetime": true,
            "loop": false
          }
      }
    },
    "minecraft:particle_appearance_lighting": {}
  }
}
    
}
