{
    "format_version": "1.10.0",
    "particle_effect": {
      "description": {
        "identifier": "minecraft:fireworks_events_demo",
        "basic_render_parameters": {
          "material": "particles_alpha",
          "texture": "textures/particle/particles"
        }
    },
    "events": {
      "launch_rocket": { 
        "particle_effect": {
          "effect": "minecraft:fireworks_rocket_part",
          "type": "emitter"
        }
      }
    },
    "components": {
        "minecraft:emitter_lifetime_events": {
            "creation_event": "launch_rocket"
        },
        "minecraft:emitter_rate_instant": {
          "num_particles": 25
        },
        "minecraft:emitter_lifetime_once": {
          "active_time": 0
        },
        "minecraft:emitter_shape_sphere": {
          "radius": 0.1,
          "direction": "outwards"
        },
        "minecraft:particle_initial_speed": "Math.random(0.0, 15.0)",
        "minecraft:particle_initial_spin": {
          "rotation": "Math.random(0, 360)",
          "rotation_rate": "Math.random(-300, 300)"
        },
        "minecraft:particle_lifetime_expression": {
          "max_lifetime": "Math.random(0.5, 1.0)"
        },
        "minecraft:particle_motion_dynamic": {
          "linear_acceleration": [ 0, 2.0, 0 ],
          "linear_drag_coefficient": 5,
          "rotation_drag_coefficient": 0.3
        },
        "minecraft:particle_motion_collision": {
            "collision_radius": 0.1,
            "coefficient_of_restitution": 0
        },
        "minecraft:particle_appearance_billboard": {
          "size": [ "0.1 + variable.particle_age * 0.3f", "0.1 + variable.particle_age * 0.3f" ],
          "facing_camera_mode": "lookat_xyz",
          "uv": {
            "texture_width": 128,
            "texture_height": 128,
            "flipbook": {
              "base_UV": [ 56, 0 ],
              "size_UV": [ 8, 8 ],
              "step_UV": [ -8, 0 ],
              "frames_per_second": 8,
              "max_frame": 8,
              "stretch_to_lifetime": true,
              "loop": false
            }
          }
        },
        "minecraft:particle_appearance_tinting": {
          "color": [ "variable.particle_random_1*0.5", "variable.particle_random_1*0.5", "variable.particle_random_1*0.5", 1.0 ]
        },
        "minecraft:particle_appearance_lighting": {}
      }
    }
  }
  