{
  "format_version": "1.10.0",
  "particle_effect": {
    "description": {
      "identifier": "scp:flame",
      "basic_render_parameters": {
        "material": "particles_alpha",
        "texture": "textures/flame_atlas"
      }
    },
    "components": {
      "minecraft:emitter_rate_instant": {
        "num_particles": 1
      },

      "minecraft:emitter_lifetime_once": {},

      "minecraft:emitter_shape_custom": {
        "offset": [ "Math.random(-0.25,0.25)", 0.0, "Math.random(-0.25,0.25)" ],
        "direction": [ "Math.random(-0.25, 0.25)", "Math.random(0, 1)", "Math.random(-0.25, 0.25)" ]
      },

      "minecraft:particle_initial_speed": "(Math.random(0, 1) + Math.random(0, 1) + 1) * 0.5",

      "minecraft:particle_lifetime_expression": {
        "max_lifetime": "Math.random(0.75, 1.25)"
      },

      "minecraft:particle_motion_dynamic": {
        "linear_acceleration": [
          "(variable.particle_random_1 * 2 - 1) - (variable.particle_age * 0.4)",
          "1 + (0.08 * variable.particle_age) - (variable.particle_age * 0.4)",
          "(variable.particle_random_2 * 2 - 1) - (variable.particle_age * 0.4)"
        ]
      },

      "minecraft:particle_motion_collision": {
        "enabled": 1,
        "collision_drag": 1.0,
        "coefficient_of_restitution": 1.0,
        "collision_radius": 0.5
      },

  "minecraft:particle_appearance_billboard": {
        "size": [ 0.5, 0.5 ],
        "facing_camera_mode": "lookat_xyz",
        "uv": {
          "texture_width": 1,
          "texture_height": 32,
          "flipbook": {
            "base_UV": [ 0, 0 ],
            "size_UV": [ 1, 1 ],
            "step_UV": [ 0, 1 ],
            "frames_per_second": 32,
            "max_frame": 32,
            "stretch_to_lifetime": true,
            "loop": false
          }
        }
      }
    }, 
      "minecraft:particle_appearance_tinting": {
        "color": [ 1.0, 1.0, 1.0, 1.0 ]
      },
      "minecraft:particle_appearance_lighting": {}
    }
  }
