{
  "format_version": "1.10.0",
  "particle_effect": {
    "description": {
      "identifier": "scp:ice",
      "basic_render_parameters": {
        "material": "particles_alpha",
        "texture": "textures/ice_atlas"
      }
    },
    "components": {
      "minecraft:emitter_rate_instant": {
        "num_particles": 1
      },
      "minecraft:emitter_lifetime_once": {
        "active_time": 0
      },
      "minecraft:emitter_shape_entity_aabb": {
        "direction": [0, 1, 3.0]
      },
	  "minecraft:emitter_local_space": {
	  },
      "minecraft:particle_initial_speed": "Math.random(3.0, 15.0)",
      "minecraft:particle_lifetime_expression": {
        "max_lifetime": "math.random(2.0, 5.0)"
      },
      "minecraft:particle_motion_dynamic": {
        "linear_acceleration": [ 0, 0.0, 0 ],
        "linear_drag_coefficient": 5
      },
      "minecraft:particle_motion_collision": {
        "coefficient_of_restitution": 0.5,
        "collision_drag": 2,
        "collision_radius": 0.1
      }, 
	  "minecraft:particle_appearance_billboard": {
        "size": [ 0.125, 0.125 ],
        "facing_camera_mode": "lookat_xyz",

        "uv": {
          "texture_width": 48,
          "texture_height": 8,
          "flipbook": {
            "base_UV": [ 0, 0 ],
            "size_UV": [ 8, 8 ],
            "step_UV": [ 8, 0 ],
            "frames_per_second": 8,
            "max_frame": 8,
            "stretch_to_lifetime": true,
            "loop": true
          }
        }
      },
    "minecraft:particle_appearance_lighting": {},
      "minecraft:particle_appearance_tinting": {
        "color": [ "variable.particle_random_1 * 0.3 + 0.7", "variable.particle_random_1 * 0.3 + 0.7", "variable.particle_random_1 * 0.3 + 0.7", 0 ]
        }
      }
  }
}
