{
  "format_version": "1.10.0",
  "particle_effect": {
    "description": {
      "identifier": "scp:scp4335_smoke",
      "basic_render_parameters": {
        "material": "particles_alpha",
        "texture": "textures/particle/corrosionparticle"
      }
    },
    "components": {
      "minecraft:emitter_local_space": {
        "position": true,
        "rotation": true
      },
      "minecraft:emitter_rate_steady": {
        "spawn_rate": "Math.random(15, 25)",
        "max_particles": 50
      },
      "minecraft:emitter_lifetime_expression": {
        "activation_expression": 1,
        "expiration_expression": 0
      },
      "minecraft:emitter_shape_entity_aabb": {
        "direction": [ 0, 1, 0 ]
      },
      "minecraft:particle_initial_speed": "Math.random(0, 1)",
      "minecraft:particle_lifetime_expression": {
        "max_lifetime": 1.25
      },
      "minecraft:particle_motion_dynamic": {
        "linear_acceleration": [ 0, 1.0, 0 ],
        "linear_drag_coefficient": 0.0
      }, 
	  "minecraft:particle_appearance_billboard": {
        "size": [ 0.125, 0.125 ],
        "facing_camera_mode": "lookat_xyz",

        "uv": {
          "texture_width": 48,
          "texture_height": 8,
          "flipbook": {
            "base_UV": [ 0, 0 ],
            "size_UV": [ 8, 8 ],
            "step_UV": [ 8, 0 ],
            "frames_per_second": 8,
            "max_frame": 8,
            "stretch_to_lifetime": true,
            "loop": true
          }
        }
      }
    }
  }
}
