{
  "format_version": "1.10.0",
  "animation_controllers": {
  
  "controller.animation.inWat": {
      "states": {
        "default": {
          "transitions": [
            {
              "inWat": "query.is_in_water_or_rain"
            }
          ],
          "on_entry": [
            "/tag @s add inWater"
          ]
        },
        "inWat": {
          "transitions": [
            {
              "default": "query.is_in_water_or_rain"
            }
          ],
          "on_entry": [
            "/tag @s add inWater"
          ]
        }
      }
    },
  
  "controller.animation.wbCharge": {
      "states": {
        "default": {
          "transitions": [
            {
              "wbCharge": "query.get_equipped_item_name == 'water_bending'&&query.is_sneaking"
            }
          ],
          "on_entry": [
            "/tag @s add wbCharging"
          ]
        },
        "wbCharge": {
          "transitions": [
            {
              "default": "query.get_equipped_item_name == 'water_bending'&&query.is_sneaking"
            }
          ],
          "on_entry": [
            "/tag @s add wbCharging"
          ]
        }
      }
    },
   "controller.animation.nproj": {
      "states": {
        "default": {
          "transitions": [
            {
              "nproj": "query.get_equipped_item_name != 'water_bending'||!query.is_using_item||query.is_sneaking"
            }
          ],
          "on_entry": [
            "/tag @s remove prc", "/tag @s remove prUser"
          ]
        },
        "nproj": {
          "transitions": [
            {
              "default": "query.get_equipped_item_name != 'water_bending'||!query.is_using_item||query.is_sneaking"
            }
          ],
          "on_entry": [
            "/tag @s remove prc","/tag @s remove prUser"
          ]
        }
      }
    },
  "controller.animation.wpr": {
      "states": {
        "default": {
          "transitions": [
            {
              "wpr": "query.get_equipped_item_name == 'water_bending'&&query.is_using_item&&!query.is_sneaking"
            }
          ],
          "on_entry": [
            "/tag @s[tag=prUser] add prc", "/tag @s add prUser"
          ]
        },
        "wpr": {
          "transitions": [
            {
              "default": "query.get_equipped_item_name == 'water_bending'&&query.is_using_item&&!query.is_sneaking"
            }
          ],
          "on_entry": [
            "/tag @s[tag=prUser] add prc","/tag @s add prUser"
          ]
        }
      }
    }, 
  "controller.animation.wbar": {
      "states": {
        "default": {
          "transitions": [
            {
              "wbar": "query.get_equipped_item_name == 'water_bending'"
            }
          ],
          "on_entry": [
            "/tag @s add wbar"
          ]
        },
        "wbar": {
          "transitions": [
            {
              "default": "query.get_equipped_item_name == 'water_bending'"
            }
          ],
          "on_entry": [
            "/tag @s add wbar"
          ]
        }
      }
    }, 
    "controller.animation.neb": {
      "states": {
        "default": {
          "transitions": [
            {
              "neb": "!(query.get_equipped_item_name == 'earth_bending')||!query.is_using_item||query.is_sneaking"
            }
          ],
          "on_entry": [
            "/tag @s remove eb"
          ]
        },
        "neb": {
          "transitions": [
            {
              "default": "!(query.get_equipped_item_name == 'earth_bending')||!query.is_using_item||query.is_sneaking"
            }
          ],
          "on_entry": [
            "/tag @s remove eb"
          ]
        }
      }
    },
    "controller.animation.ebatk2": {
      "initial_state": "default",
      "states": {
        "default": {
          "transitions": [
            {
              "attack": "query.get_equipped_item_name == 'earth_bending' && variable.attack_time > 0&&!query.is_sneaking"
            }
          ]
        },
        "attack": {
          "transitions": [
            {
              "default": "variable.attack_time == 0"
            }
          ],
          "on_entry": [
            "/tag @s add ebatk2"
          ]
        }
      }
    },
    "controller.animation.fbatk": {
      "initial_state": "default",
      "states": {
        "default": {
          "transitions": [
            {
              "attack": "query.get_equipped_item_name == 'fire_bending' && variable.attack_time > 0&&!query.is_sneaking"
            }
          ]
        },
        "attack": {
          "transitions": [
            {
              "default": "variable.attack_time == 0"
            }
          ],
          "on_entry": [
            "/tag @s add fblb"
          ]
        }
      }
    },
    "controller.animation.ebpu": {
      "states": {
        "default": {
          "transitions": [
            {
              "ebpu": "!query.get_equipped_item_name == 'earth_bending'||!query.is_using_item||!query.is_sneaking"
            }
          ],
          "on_entry": [
            "/tag @s remove ebpu",
            "/tag @s remove ebp"
          ]
        },
        "ebpu": {
          "transitions": [
            {
              "default": "!query.get_equipped_item_name == 'earth_bending'||!query.is_using_item||!query.is_sneaking"
            }
          ],
          "on_entry": [
            "/tag @s remove ebpu",
            "/tag @s remove ebp"
          ]
        }
      }
    },
    "controller.animation.ebp": {
      "states": {
        "default": {
          "transitions": [
            {
              "ebp": "query.get_equipped_item_name == 'earth_bending'&&query.is_using_item&&query.is_sneaking"
            }
          ],
          "on_entry": [
            "/tag @s[tag=!ebpu] add ebp"
          ]
        },
        "ebp": {
          "transitions": [
            {
              "default": "query.get_equipped_item_name == 'earth_bending'&&query.is_using_item&&query.is_sneaking"
            }
          ],
          "on_entry": [
            "/tag @s[tag=!ebpu] add ebp"
          ]
        }
      }
    },
    "controller.animation.ebs": {
      "states": {
        "default": {
          "transitions": [
            {
              "ebs": "query.get_equipped_item_name == 'earth_bending'&&!query.is_using_item&&query.is_sneaking"
            }
          ],
          "on_entry": [
            "/function ebs"
          ]
        },
        "ebs": {
          "transitions": [
            {
              "default": "query.get_equipped_item_name == 'earth_bending'&&!query.is_using_item&&query.is_sneaking"
            }
          ],
          "on_entry": [
            "/function ebs"
          ]
        }
      }
    },
    "controller.animation.eb": {
      "states": {
        "default": {
          "transitions": [
            {
              "eb": "query.get_equipped_item_name == 'earth_bending'&&query.is_using_item&&!(query.is_sneaking||query.is_walking||query.is_sprinting||query.is_jumping)"
            }
          ],
          "on_entry": [
            "/tag @s[tag=eb] add ebw",
            "/tag @s add eb"
          ]
        },
        "eb": {
          "transitions": [
            {
              "default": "query.get_equipped_item_name == 'earth_bending'&&query.is_using_item&&!(query.is_sneaking||query.is_walking||query.is_sprinting||query.is_jumping)"
            }
          ],
          "on_entry": [
            "/tag @s[tag=eb] add ebw",
            "/tag @s add eb"
          ]
        }
      }
    },
    "controller.animation.ebeq": {
      "states": {
        "default": {
          "transitions": [
            {
              "ebeq": "query.get_equipped_item_name == 'earth_bending'"
            }
          ],
          "on_entry": [
            "/tag @s add ebeq"
          ]
        },
        "ebeq": {
          "transitions": [
            {
              "default": "query.get_equipped_item_name == 'earth_bending'"
            }
          ],
          "on_entry": [
            "/tag @s add ebeq"
          ]
        }
      }
    },
    "controller.animation.ebatk": {
      "initial_state": "default",
      "states": {
        "default": {
          "transitions": [
            {
              "attack": "query.get_equipped_item_name == 'earth_bending' && variable.attack_time > 0&&query.is_sneaking"
            }
          ]
        },
        "attack": {
          "transitions": [
            {
              "default": "variable.attack_time == 0"
            }
          ],
          "on_entry": [
            "/tag @s add ebb"
          ]
        }
      }
    },
    "controller.animation.abt": {
      "states": {
        "default": {
          "transitions": [
            {
              "abt": "query.get_equipped_item_name == 'air_bending'&&!query.is_using_item&&query.is_sneaking&&!(query.is_sprinting||query.is_jumping)"
            }
          ],
          "on_entry": [
            "/tag @s add abt"
          ]
        },
        "abt": {
          "transitions": [
            {
              "default": "query.get_equipped_item_name == 'air_bending'&&!query.is_using_item&&query.is_sneaking&&!(query.is_sprinting||query.is_jumping)"
            }
          ],
          "on_entry": [
            "/tag @s add abt"
          ]
        }
      }
    },
    "controller.animation.nab2": {
      "states": {
        "default": {
          "transitions": [
            {
              "nab2": "query.get_equipped_item_name == 'air_bending'&&!query.is_using_item&&query.is_sprinting"
            }
          ],
          "on_entry": [
            "/effect @s speed 1 3 true",
            "/effect @s slow_falling 1 120 true",
            "/execute @s ~~~ particle minecraft:dragon_dying_explosion ~~+0.6~"
          ]
        },
        "nab2": {
          "transitions": [
            {
              "default": "query.get_equipped_item_name == 'air_bending'&&!query.is_using_item&&query.is_sprinting"
            }
          ],
          "on_entry": [
            "/effect @s speed 1 3 true",
            "/effect @s slow_falling 1 120 true",
            "/execute @s ~~~ particle minecraft:dragon_dying_explosion ~~+0.6~"
          ]
        }
      }
    },
    "controller.animation.ab2": {
      "states": {
        "default": {
          "transitions": [
            {
              "ab2": "query.get_equipped_item_name == 'air_bending'&&query.is_using_item&&query.is_sneaking&&!(query.is_sprinting||query.is_jumping)"
            }
          ],
          "on_entry": [
            "/effect @s levitation 1 10 true",
            "/effect @s slow_falling 10 120 true",
            "/execute @s ~~~ particle minecraft:example_spiral ~~~"
          ]
        },
        "ab2": {
          "transitions": [
            {
              "default": "query.get_equipped_item_name == 'air_bending'&&query.is_using_item&&query.is_sneaking&&!(query.is_sprinting||query.is_jumping)"
            }
          ],
          "on_entry": [
            "/effect @s levitation 1 10 true",
            "/effect @s slow_falling 10 120 true",
            "/execute @s ~~~ particle minecraft:example_spiral ~~~"
          ]
        }
      }
    },
    "controller.animation.ab": {
      "states": {
        "default": {
          "transitions": [
            {
              "ab": "query.get_equipped_item_name == 'air_bending'&&query.is_using_item&&!(query.is_sneaking||query.is_sprinting||query.is_jumping)"
            }
          ],
          "on_entry": [
            "/tag @s add shield",
            "/effect @s slow_falling 5 0 true"
          ]
        },
        "ab": {
          "transitions": [
            {
              "default": "query.get_equipped_item_name == 'air_bending'&&query.is_using_item&&!(query.is_sneaking||query.is_sprinting||query.is_jumping)"
            }
          ],
          "on_entry": [
            "/tag @s add shield",
            "/effect @s slow_falling 5 0 true"
          ]
        }
      }
    },
    "controller.animation.nab": {
      "states": {
        "default": {
          "transitions": [
            {
              "nab": "!query.get_equipped_item_name == 'air_bending'||!query.is_using_item"
            }
          ],
          "on_entry": [
            "/tag @s remove shield"
          ]
        },
        "nab": {
          "transitions": [
            {
              "default": "!query.get_equipped_item_name == 'air_bending'||!query.is_using_item"
            }
          ],
          "on_entry": [
            "/tag @s remove shield"
          ]
        }
      }
    },
    "controller.animation.fjb2": {
      "states": {
        "default": {
          "transitions": [
            {
              "fjb": "query.get_equipped_item_name == 'fire_bending'&&query.is_sprinting&&query.is_jumping"
            }
          ],
          "on_entry": [
            "/function fjb"
          ]
        },
        "fjb": {
          "transitions": [
            {
              "default": "query.get_equipped_item_name == 'fire_bending'&&query.is_sprinting&&query.is_jumping"
            }
          ],
          "on_entry": [
            "/function fjb"
          ]
        }
      }
    },
    "controller.animation.lb": {
      "states": {
        "default": {
          "transitions": [
            {
              "lb": "query.get_equipped_item_name == 'fire_bending'&&query.is_using_item&&query.is_sneaking&&!(query.is_sprinting||query.is_jumping)"
            }
          ],
          "on_entry": [
            "/tag @s add lb"
          ]
        },
        "lb": {
          "transitions": [
            {
              "default": "query.get_equipped_item_name == 'fire_bending'&&query.is_using_item&&query.is_sneaking&&!(query.is_sprinting||query.is_jumping)"
            }
          ],
          "on_entry": [
            "/tag @s add lb"
          ]
        }
      }
    },
    "controller.animation.nlb": {
      "states": {
        "default": {
          "transitions": [
            {
              "nlb": "!query.get_equipped_item_name == 'fire_bending'||!query.is_using_item||!query.is_sneaking"
            }
          ],
          "on_entry": [
            "/tag @s remove lbused",
            "/tag @s remove lb"
          ]
        },
        "nlb": {
          "transitions": [
            {
              "default": "!query.get_equipped_item_name == 'fire_bending'||!query.is_using_item||!query.is_sneaking"
            }
          ],
          "on_entry": [
            "/tag @s remove lbused",
            "/tag @s remove lb"
          ]
        }
      }
    },
    "controller.animation.fb": {
      "states": {
        "default": {
          "transitions": [
            {
              "fb": "query.get_equipped_item_name == 'fire_bending'&&query.is_using_item&&!(query.is_sneaking||query.is_sprinting||query.is_jumping)"
            }
          ],
          "on_entry": [
            "/tag @s[tag=fb] add fbused",
            "/tag @s add fb"
          ]
        },
        "fb": {
          "transitions": [
            {
              "default": "query.get_equipped_item_name == 'fire_bending'&&query.is_using_item&&!(query.is_sneaking||query.is_sprinting||query.is_jumping)"
            }
          ],
          "on_entry": [
            "/tag @s[tag=fb] add fbused",
            "/tag @s add fb"
          ]
        }
      }
    },
    "controller.animation.nfb": {
      "states": {
        "default": {
          "transitions": [
            {
              "nfb": "!query.get_equipped_item_name == 'fire_bending'||!query.is_using_item"
            }
          ],
          "on_entry": [
            "/tag @s remove fb",
            "/tag @s remove fbused"
          ]
        },
        "nfb": {
          "transitions": [
            {
              "default": "!query.get_equipped_item_name == 'fire_bending'||!query.is_using_item"
            }
          ],
          "on_entry": [
            "/tag @s remove fb",
            "/tag @s remove fbused"
          ]
        }
      }
    }
  }
} {
          "transitions": [
            {
              "default": "query.get_equipped_item_name == 'fire_bending'&&query.is_using_item&&!(query.is_sneaking||query.is_sprinting||query.is_jumping)"
            }
          ],
          "on_entry": [
            "/tag @s[tag=fb] add fbused",
            "/tag @s add fb"
          ]
        }
      }
    },
    "controller.animation.nfb": {
      "states": {
        "default": {
          "transitions": [
            {
              "nfb": "!query.get_equipped_item_name == 'fire_bending'||!query.is_using_item"
            }
          ],
          "on_entry": [
            "/tag @s remove fb",
            "/tag @s remove fbused"
          ]
        },
        "nfb": {
          "transitions": [
            {
              "default": "!query.get_equipped_item_name == 'fire_bending'||!query.is_using_item"
            }
          ],
          "on_entry": [
            "/tag @s remove fb",
            "/tag @s remove fbused"
          ]
        }
      }
    }
  }
} {
          "transitions": [
            {
              "default": "query.get_equipped_item_name == 'fire_bending'&&query.is_using_item&&!(query.is_sneaking||query.is_sprinting||query.is_jumping)"
            }
          ],
          "on_entry": [
            "/tag @s[tag=fb] add fbused",
            "/tag @s add fb"
          ]
        }
      }
    },
    "controller.animation.nfb": {
      "states": {
        "default": {
          "transitions": [
            {
              "nfb": "!query.get_equipped_item_name == 'fire_bending'||!query.is_using_item"
            }
          ],
          "on_entry": [
            "/tag @s remove fb",
            "/tag @s remove fbused"
          ]
        },
        "nfb": {
          "transitions": [
            {
              "default": "!query.get_equipped_item_name == 'fire_bending'||!query.is_using_item"
            }
          ],
          "on_entry": [
            "/tag @s remove fb",
            "/tag @s remove fbused"
          ]
        }
      }
    }
  }
} {
          "transitions": [
            {
              "default": "query.get_equipped_item_name == 'fire_bending'&&query.is_using_item&&!(query.is_sneaking||query.is_sprinting||query.is_jumping)"
            }
          ],
          "on_entry": [
            "/tag @s[tag=fb] add fbused",
            "/tag @s add fb"
          ]
        }
      }
    },
    "controller.animation.nfb